cluster_id,split,compound_count
0,validation,6
1,test,5
2,validation,5
3,test,5
4,test,4
5,validation,4
6,validation,4
7,test,4
8,test,4
9,test,3
10,test,3
11,test,3
12,test,3
13,validation,3
14,test,3
15,test,3
16,validation,3
17,validation,3
18,validation,3
19,test,3
20,validation,3
21,validation,3
22,test,3
23,validation,3
24,test,3
25,validation,3
26,test,3
27,validation,3
28,validation,3
29,validation,3
30,test,3
31,validation,2
32,validation,2
33,test,2
34,validation,2
35,test,2
36,validation,2
37,test,2
38,test,2
39,validation,2
40,validation,2
41,test,2
42,test,2
43,test,2
44,test,2
45,test,2
46,validation,2
47,validation,2
48,test,2
49,validation,2
50,test,2
51,test,2
52,test,2
53,test,2
54,validation,2
55,validation,2
56,validation,2
57,test,2
58,validation,2
59,validation,2
60,validation,2
61,validation,2
62,validation,2
63,test,2
64,validation,2
65,test,2
66,validation,2
67,test,2
68,validation,2
69,test,2
70,validation,2
71,train,1
72,train,1
73,train,1
74,train,1
75,train,1
76,validation,1
77,test,1
78,test,1
79,train,1
80,train,1
81,train,1
82,train,1
83,train,1
84,train,1
85,validation,1
86,train,1
87,train,1
88,train,1
89,train,1
90,train,1
91,test,1
92,train,1
93,train,1
94,train,1
95,validation,1
96,test,1
97,train,1
98,train,1
99,validation,1
100,train,1
101,validation,1
102,validation,1
103,train,1
104,train,1
105,train,1
106,train,1
107,train,1
108,test,1
109,train,1
110,train,1
111,train,1
112,train,1
113,train,1
114,train,1
115,train,1
116,train,1
117,train,1
118,validation,1
119,train,1
120,train,1
121,train,1
122,train,1
123,train,1
124,train,1
125,train,1
126,validation,1
127,train,1
128,train,1
129,train,1
130,train,1
131,train,1
132,train,1
133,train,1
134,train,1
135,train,1
136,train,1
137,train,1
138,train,1
139,validation,1
140,validation,1
141,train,1
142,validation,1
143,train,1
144,train,1
145,train,1
146,validation,1
147,validation,1
148,train,1
149,train,1
150,train,1
151,train,1
152,train,1
153,train,1
154,train,1
155,train,1
156,train,1
157,validation,1
158,train,1
159,train,1
160,train,1
161,train,1
162,train,1
163,train,1
164,train,1
165,train,1
166,train,1
167,train,1
168,train,1
169,train,1
170,train,1
171,train,1
172,validation,1
173,train,1
174,train,1
175,train,1
176,train,1
177,train,1
178,train,1
179,train,1
180,train,1
181,train,1
182,train,1
183,train,1
184,train,1
185,train,1
186,train,1
187,validation,1
188,test,1
189,train,1
190,train,1
191,train,1
192,train,1
193,train,1
194,train,1
195,train,1
196,train,1
197,validation,1
198,train,1
199,train,1
200,train,1
201,train,1
202,train,1
203,train,1
204,validation,1
205,test,1
206,train,1
207,train,1
208,train,1
209,train,1
210,train,1
211,train,1
212,test,1
213,train,1
214,test,1
215,test,1
216,train,1
217,test,1
218,validation,1
219,train,1
220,train,1
221,test,1
222,train,1
223,train,1
224,train,1
225,validation,1
226,train,1
227,train,1
228,train,1
229,train,1
230,train,1
231,test,1
232,train,1
233,train,1
234,train,1
235,train,1
236,train,1
237,train,1
238,train,1
239,train,1
240,validation,1
241,train,1
242,train,1
243,validation,1
244,train,1
245,test,1
246,test,1
247,train,1
248,train,1
249,train,1
250,train,1
251,train,1
252,train,1
253,validation,1
254,train,1
255,train,1
256,test,1
257,train,1
258,train,1
259,train,1
260,train,1
261,train,1
262,train,1
263,train,1
264,validation,1
265,validation,1
266,train,1
267,train,1
268,train,1
269,train,1
270,validation,1
271,validation,1
272,train,1
273,train,1
274,train,1
275,train,1
276,train,1
277,train,1
278,train,1
279,train,1
280,validation,1
281,train,1
282,train,1
283,train,1
284,train,1
285,train,1
286,train,1
287,train,1
288,train,1
289,train,1
290,validation,1
291,train,1
292,train,1
293,test,1
294,train,1
295,validation,1
296,train,1
297,train,1
298,train,1
299,train,1
300,train,1
301,test,1
302,train,1
303,train,1
304,validation,1
305,train,1
306,train,1
307,test,1
308,train,1
309,train,1
310,train,1
311,train,1
312,train,1
313,train,1
314,train,1
315,train,1
316,train,1
317,train,1
318,train,1
319,train,1
320,validation,1
321,validation,1
322,train,1
323,train,1
324,train,1
325,train,1
326,train,1
327,train,1
328,train,1
329,validation,1
330,train,1
331,train,1
332,train,1
333,test,1
334,train,1
335,train,1
336,train,1
337,validation,1
338,train,1
339,train,1
340,train,1
341,train,1
342,train,1
343,train,1
344,train,1
345,train,1
346,validation,1
347,train,1
348,train,1
349,train,1
350,test,1
351,train,1
352,train,1
353,train,1
354,train,1
355,validation,1
356,train,1
357,test,1
358,train,1
359,train,1
360,train,1
361,train,1
362,validation,1
363,train,1
364,validation,1
365,train,1
366,train,1
367,test,1
368,train,1
369,train,1
370,train,1
371,test,1
372,train,1
373,train,1
374,train,1
375,test,1
376,train,1
377,test,1
378,test,1
379,train,1
380,test,1
381,train,1
382,test,1
383,train,1
384,train,1
385,train,1
386,test,1
387,train,1
388,train,1
389,train,1
390,train,1
391,test,1
392,train,1
393,validation,1
394,train,1
395,train,1
396,train,1
397,train,1
398,train,1
399,train,1
400,train,1
401,train,1
402,train,1
403,train,1
404,train,1
405,train,1
406,train,1
407,train,1
408,train,1
409,train,1
410,train,1
411,train,1
412,train,1
413,train,1
414,train,1
415,train,1
416,train,1
417,train,1
418,train,1
419,train,1
420,test,1
421,train,1
422,test,1
423,test,1
424,validation,1
425,train,1
426,train,1
427,train,1
428,train,1
429,train,1
430,train,1
431,train,1
432,train,1
433,train,1
434,train,1
435,train,1
436,train,1
437,train,1
438,test,1
439,train,1
440,train,1
441,train,1
442,train,1
443,validation,1
444,train,1
445,train,1
446,train,1
447,test,1
448,train,1
449,train,1
450,train,1
451,train,1
452,train,1
453,train,1
454,test,1
455,train,1
456,train,1
457,train,1
458,train,1
459,train,1
460,test,1
461,train,1
462,train,1
463,test,1
464,train,1
465,train,1
466,train,1
467,train,1
468,train,1
469,train,1
470,test,1
471,train,1
472,train,1
473,validation,1
474,train,1
475,test,1
476,train,1
477,train,1
478,validation,1
479,train,1
480,train,1
481,test,1
482,train,1
483,train,1
484,train,1
485,train,1
486,validation,1
487,train,1
488,train,1
489,train,1
490,validation,1
491,train,1
492,test,1
493,test,1
494,train,1
495,train,1
496,train,1
497,train,1
498,train,1
499,train,1
500,test,1
501,train,1
502,train,1
503,validation,1
504,train,1
505,train,1
506,train,1
507,train,1
508,train,1
509,test,1
510,train,1
511,train,1
512,train,1
513,train,1
514,train,1
515,test,1
516,train,1
517,validation,1
518,train,1
519,train,1
520,train,1
521,test,1
522,train,1
523,test,1
524,validation,1
525,train,1
526,train,1
527,validation,1
528,train,1
529,validation,1
530,test,1
531,train,1
532,train,1
533,train,1
534,train,1
535,train,1
536,train,1
537,train,1
538,train,1
539,train,1
540,validation,1
541,train,1
542,test,1
543,train,1
544,train,1
545,train,1
546,train,1
547,train,1
548,train,1
549,train,1
550,test,1
551,train,1
552,train,1
553,train,1
554,train,1
555,train,1
556,test,1
557,train,1
558,train,1
559,test,1
560,validation,1
561,test,1
562,train,1
563,train,1
564,test,1
565,train,1
566,train,1
567,validation,1
568,train,1
569,train,1
570,test,1
571,train,1
572,train,1
573,train,1
574,train,1
575,train,1
576,train,1
577,validation,1
578,train,1
579,train,1
580,train,1
581,train,1
582,train,1
583,train,1
584,train,1
585,train,1
586,train,1
587,train,1
588,test,1
589,train,1
590,validation,1
591,train,1
592,train,1
593,train,1
594,validation,1
595,train,1
596,test,1
597,train,1
598,train,1
599,train,1
600,train,1
601,test,1
602,train,1
603,test,1
604,train,1
605,train,1
606,test,1
607,validation,1
608,train,1
609,test,1
610,validation,1
611,test,1
612,train,1
613,train,1
614,train,1
615,train,1
616,train,1
617,train,1
618,train,1
619,validation,1
620,train,1
621,test,1
622,train,1
623,train,1
624,train,1
625,train,1
626,train,1
627,train,1
628,validation,1
629,train,1
630,test,1
631,train,1
632,test,1
633,train,1
634,train,1
635,train,1
636,validation,1
637,train,1
638,train,1
639,train,1
640,test,1
641,validation,1
642,test,1
643,train,1
644,train,1
645,train,1
646,train,1
647,validation,1
648,train,1
649,test,1
650,train,1
651,train,1
652,train,1
653,train,1
654,train,1
655,validation,1
656,train,1
657,train,1
658,train,1
659,train,1
660,train,1
661,train,1
662,train,1
663,test,1
664,validation,1
665,train,1
666,test,1
667,train,1
668,validation,1
669,train,1
670,train,1
671,train,1
672,train,1
673,train,1
674,train,1
675,validation,1
676,train,1
677,train,1
678,train,1
679,train,1
680,test,1
681,train,1
682,train,1
683,train,1
684,train,1
685,train,1
686,train,1
687,train,1
688,validation,1
689,train,1
690,train,1
691,test,1
692,train,1
693,validation,1
694,train,1
695,train,1
696,train,1
697,train,1
698,train,1
699,train,1
700,train,1
701,train,1
702,test,1
703,train,1
704,train,1
705,train,1
706,train,1
707,train,1
708,validation,1
709,train,1
710,test,1
711,test,1
712,train,1
713,test,1
714,train,1
715,test,1
716,train,1
717,train,1
718,train,1
719,train,1
720,test,1
721,validation,1
722,validation,1
723,train,1
724,train,1
725,validation,1
726,test,1
727,train,1
728,train,1
729,test,1
730,train,1
731,train,1
732,train,1
733,train,1
734,train,1
735,train,1
736,train,1
737,train,1
738,test,1
739,train,1
740,train,1
741,validation,1
742,train,1
743,validation,1
744,validation,1
745,train,1
746,train,1
747,train,1
748,train,1
749,test,1
750,train,1
751,validation,1
752,train,1
753,train,1
754,train,1
755,train,1
756,train,1
757,train,1
758,validation,1
759,train,1
760,train,1
761,train,1
762,train,1
763,test,1
764,train,1
765,test,1
766,train,1
767,train,1
768,train,1
769,train,1
770,test,1
771,validation,1
772,test,1
773,train,1
774,validation,1
775,train,1
776,train,1
777,train,1
778,train,1
779,train,1
780,train,1
781,test,1
782,validation,1
783,train,1
784,train,1
785,train,1
786,train,1
787,train,1
788,train,1
789,train,1
790,train,1
791,train,1
792,train,1
793,test,1
794,train,1
795,validation,1
796,train,1
797,train,1
798,train,1
799,train,1
800,validation,1
801,test,1
802,train,1
803,test,1
804,train,1
805,train,1
806,train,1
807,train,1
808,validation,1
809,validation,1
810,train,1
811,train,1
812,test,1
813,validation,1
814,train,1
815,train,1
816,train,1
817,train,1
818,validation,1
819,train,1
820,test,1
821,train,1
822,train,1
823,train,1
824,test,1
825,test,1
826,train,1
827,test,1
828,train,1
829,train,1
830,train,1
831,validation,1
832,train,1
833,test,1
834,train,1
835,validation,1
836,test,1
837,validation,1
838,validation,1
839,train,1
840,test,1
841,test,1
842,train,1
843,train,1
844,train,1
845,test,1
846,validation,1
847,train,1
848,train,1
849,test,1
850,train,1
851,train,1
852,train,1
853,train,1
854,validation,1
855,validation,1
856,validation,1
857,train,1
858,train,1
859,test,1
860,train,1
861,train,1
862,train,1
863,train,1
864,train,1
865,train,1
866,test,1
867,train,1
868,train,1
869,train,1
870,train,1
871,train,1
872,train,1
873,train,1
874,train,1
875,train,1
876,validation,1
877,train,1
878,test,1
879,train,1
880,train,1
881,train,1
882,train,1
883,train,1
884,train,1
885,validation,1
886,train,1
887,train,1
888,train,1
889,train,1
890,train,1
891,validation,1
892,validation,1
893,train,1
894,train,1
895,train,1
896,train,1
897,validation,1
898,train,1
899,train,1
900,train,1
901,train,1
902,train,1
903,train,1
904,train,1
905,train,1
906,train,1
907,train,1
908,train,1
909,validation,1
910,test,1
911,test,1
912,train,1
913,test,1
914,train,1
915,train,1
916,test,1
917,train,1
918,train,1
919,train,1
920,train,1
921,train,1
922,train,1
923,test,1
924,train,1
925,train,1
926,validation,1
927,train,1
928,train,1
929,validation,1
930,train,1
931,train,1
932,train,1
933,train,1
934,train,1
935,train,1
936,train,1
937,validation,1
938,test,1
939,train,1
940,train,1
941,train,1
942,train,1
943,train,1
944,train,1
945,train,1
946,train,1
947,test,1
948,train,1
949,validation,1
950,train,1
951,train,1
952,train,1
953,train,1
954,train,1
955,train,1
956,train,1
957,train,1
958,test,1
959,validation,1
960,train,1
961,train,1
962,validation,1
963,test,1
964,train,1
965,train,1
966,train,1
967,validation,1
968,test,1
969,validation,1
970,test,1
971,train,1
972,train,1
973,test,1
974,train,1
975,train,1
976,train,1
977,train,1
978,validation,1
979,train,1
980,train,1
981,train,1
982,train,1
983,train,1
984,train,1
985,train,1
986,test,1
987,train,1
988,test,1
989,train,1
990,train,1
991,train,1
992,train,1
993,train,1
994,train,1
995,test,1
996,train,1
997,validation,1
998,validation,1
999,validation,1
1000,train,1
1001,validation,1
1002,train,1
1003,test,1
1004,train,1
1005,test,1
1006,train,1
1007,validation,1
1008,validation,1
1009,validation,1
1010,train,1
1011,train,1
1012,train,1
1013,train,1
1014,train,1
1015,train,1
1016,train,1
1017,train,1
1018,validation,1
1019,test,1
1020,train,1
1021,train,1
1022,test,1
1023,validation,1
1024,train,1
1025,train,1
1026,train,1
1027,train,1
1028,test,1
1029,validation,1
1030,train,1
1031,train,1
1032,train,1
1033,test,1
1034,train,1
1035,test,1
1036,test,1
1037,train,1
1038,train,1
1039,train,1
1040,train,1
1041,train,1
1042,train,1
1043,test,1
1044,train,1
1045,train,1
1046,train,1
1047,test,1
1048,train,1
1049,train,1
1050,test,1
1051,train,1
1052,train,1
1053,train,1
1054,train,1
1055,validation,1
1056,validation,1
1057,train,1
1058,train,1
1059,train,1
1060,test,1
1061,validation,1
1062,train,1
1063,train,1
1064,train,1
1065,train,1
1066,train,1
1067,train,1
1068,train,1
1069,train,1
1070,train,1
1071,train,1
1072,train,1
1073,validation,1
1074,train,1
1075,train,1
1076,train,1
1077,train,1
1078,validation,1
1079,train,1
1080,validation,1
1081,train,1
1082,test,1
1083,train,1
1084,train,1
1085,validation,1
1086,train,1
1087,train,1
1088,train,1
1089,train,1
1090,train,1
1091,train,1
1092,test,1
1093,validation,1
1094,train,1
1095,test,1
1096,test,1
1097,validation,1
1098,train,1
1099,train,1
1100,test,1
1101,test,1
1102,train,1
1103,train,1
1104,train,1
1105,train,1
1106,test,1
1107,train,1
1108,test,1
1109,train,1
1110,train,1
1111,validation,1
1112,train,1
1113,train,1
1114,train,1
1115,train,1
1116,test,1
1117,train,1
1118,validation,1
1119,train,1
1120,train,1
1121,train,1
1122,train,1
1123,test,1
1124,validation,1
1125,validation,1
1126,train,1
1127,train,1
1128,train,1
1129,train,1
1130,validation,1
1131,train,1
1132,train,1
1133,train,1
1134,train,1
1135,train,1
1136,train,1
1137,train,1
1138,train,1
1139,train,1
1140,train,1
1141,train,1
1142,train,1
1143,train,1
1144,train,1
1145,train,1
1146,validation,1
1147,train,1
1148,train,1
1149,train,1
1150,train,1
1151,train,1
1152,test,1
1153,train,1
1154,train,1
1155,validation,1
1156,train,1
1157,train,1
1158,train,1
1159,train,1
1160,validation,1
1161,test,1
1162,train,1
1163,validation,1
1164,train,1
1165,validation,1
1166,train,1
1167,test,1
1168,train,1
1169,train,1
1170,train,1
1171,train,1
1172,train,1
1173,train,1
1174,test,1
1175,train,1
1176,train,1
1177,train,1
1178,train,1
1179,validation,1
1180,test,1
1181,test,1
1182,train,1
1183,train,1
1184,train,1
1185,train,1
1186,validation,1
1187,train,1
1188,train,1
1189,train,1
1190,train,1
1191,train,1
1192,train,1
1193,train,1
1194,train,1
1195,train,1
1196,train,1
1197,validation,1
1198,train,1
1199,validation,1
1200,train,1
1201,train,1
1202,train,1
1203,train,1
1204,train,1
1205,test,1
1206,validation,1
1207,train,1
1208,validation,1
1209,train,1
1210,test,1
1211,train,1
1212,train,1
1213,test,1
1214,test,1
1215,train,1
1216,train,1
1217,test,1
1218,train,1
1219,validation,1
1220,train,1
1221,train,1
1222,train,1
1223,test,1
1224,train,1
1225,test,1
1226,validation,1
1227,train,1
1228,train,1
1229,validation,1
1230,test,1
1231,validation,1
1232,test,1
1233,train,1
1234,train,1
1235,validation,1
1236,train,1
1237,train,1
1238,train,1
1239,train,1
1240,test,1
1241,train,1
1242,train,1
1243,train,1
1244,train,1
1245,train,1
1246,validation,1
1247,train,1
1248,train,1
1249,validation,1
1250,train,1
1251,train,1
1252,train,1
1253,train,1
1254,train,1
1255,train,1
1256,train,1
1257,train,1
1258,train,1
1259,train,1
1260,validation,1
1261,train,1
1262,train,1
1263,train,1
1264,train,1
1265,train,1
1266,train,1
1267,train,1
1268,train,1
1269,train,1
1270,train,1
1271,validation,1
1272,train,1
1273,validation,1
1274,train,1
1275,train,1
1276,train,1
1277,train,1
1278,train,1
1279,validation,1
1280,test,1
1281,train,1
1282,train,1
1283,train,1
1284,train,1
1285,train,1
1286,train,1
1287,validation,1
1288,train,1
1289,validation,1
1290,validation,1
1291,test,1
1292,train,1
1293,train,1
1294,train,1
1295,train,1
1296,validation,1
1297,train,1
1298,train,1
1299,train,1
1300,train,1
1301,train,1
1302,train,1
1303,train,1
1304,train,1
1305,train,1
1306,train,1
1307,train,1
1308,validation,1
1309,train,1
1310,train,1
1311,train,1
1312,train,1
1313,train,1
1314,train,1
1315,train,1
1316,train,1
1317,train,1
1318,test,1
1319,train,1
1320,test,1
1321,train,1
1322,test,1
1323,train,1
1324,train,1
1325,train,1
1326,validation,1
1327,train,1
1328,train,1
1329,train,1
1330,train,1
1331,test,1
1332,test,1
1333,test,1
1334,validation,1
1335,train,1
1336,train,1
1337,test,1
1338,validation,1
1339,train,1
1340,train,1
1341,validation,1
1342,validation,1
1343,train,1
1344,train,1
1345,train,1
1346,train,1
1347,train,1
1348,train,1
1349,train,1
1350,train,1
1351,train,1
1352,train,1
1353,train,1
1354,train,1
1355,validation,1
1356,train,1
1357,train,1
1358,train,1
1359,train,1
1360,validation,1
1361,train,1
1362,train,1
1363,validation,1
1364,validation,1
1365,train,1
1366,test,1
1367,train,1
1368,train,1
1369,train,1
1370,test,1
1371,test,1
1372,train,1
1373,train,1
1374,train,1
1375,train,1
1376,train,1
1377,train,1
1378,train,1
1379,train,1
1380,validation,1
1381,validation,1
1382,train,1
1383,train,1
1384,train,1
1385,validation,1
1386,train,1
1387,train,1
1388,validation,1
1389,train,1
1390,train,1
1391,train,1
1392,train,1
1393,train,1
1394,validation,1
1395,validation,1
1396,validation,1
1397,train,1
1398,train,1
1399,train,1
1400,validation,1
1401,test,1
1402,train,1
1403,train,1
1404,train,1
1405,train,1
1406,test,1
1407,test,1
1408,train,1
1409,train,1
1410,validation,1
1411,train,1
1412,train,1
1413,test,1
1414,train,1
1415,train,1
1416,test,1
1417,train,1
1418,train,1
1419,test,1
1420,train,1
1421,validation,1
1422,train,1
1423,train,1
1424,train,1
1425,test,1
1426,train,1
1427,train,1
1428,train,1
1429,validation,1
1430,validation,1
1431,train,1
1432,train,1
1433,train,1
1434,validation,1
1435,train,1
1436,train,1
1437,train,1
1438,train,1
1439,test,1
1440,train,1
1441,validation,1
1442,validation,1
1443,validation,1
1444,test,1
1445,train,1
1446,train,1
1447,validation,1
1448,validation,1
1449,train,1
1450,validation,1
1451,train,1
1452,train,1
1453,test,1
1454,train,1
1455,test,1
1456,test,1
1457,train,1
1458,test,1
1459,test,1
1460,train,1
1461,train,1
1462,validation,1
1463,test,1
1464,validation,1
1465,test,1
1466,train,1
1467,train,1
1468,validation,1
1469,train,1
1470,train,1
1471,train,1
1472,train,1
1473,test,1
1474,test,1
1475,test,1
1476,test,1
1477,validation,1
1478,test,1
1479,train,1
1480,train,1
1481,train,1
1482,train,1
1483,train,1
1484,test,1
1485,train,1
1486,test,1
1487,test,1
1488,test,1
1489,train,1
1490,train,1
1491,test,1
1492,train,1
1493,train,1
1494,test,1
1495,train,1
1496,train,1
1497,train,1
1498,train,1
1499,train,1
1500,train,1
1501,train,1
1502,train,1
1503,test,1
1504,train,1
1505,train,1
1506,train,1
1507,train,1
1508,train,1
1509,train,1
1510,train,1
1511,train,1
1512,train,1
1513,validation,1
1514,train,1
1515,train,1
1516,train,1
1517,train,1
1518,validation,1
1519,test,1
1520,test,1
1521,train,1
1522,train,1
1523,train,1
1524,train,1
1525,train,1
1526,train,1
1527,train,1
1528,test,1
1529,train,1
1530,validation,1
1531,validation,1
1532,train,1
1533,train,1
1534,train,1
1535,train,1
1536,test,1
1537,train,1
1538,train,1
1539,train,1
1540,train,1
1541,test,1
1542,train,1
1543,validation,1
1544,train,1
1545,validation,1
1546,validation,1
1547,train,1
1548,train,1
1549,test,1
1550,train,1
1551,train,1
1552,test,1
1553,train,1
1554,train,1
1555,train,1
1556,validation,1
1557,validation,1
1558,train,1
1559,validation,1
1560,train,1
1561,test,1
1562,train,1
1563,train,1
1564,validation,1
1565,train,1
1566,train,1
1567,train,1
1568,train,1
1569,train,1
1570,train,1
1571,train,1
1572,test,1
1573,train,1
1574,test,1
1575,train,1
1576,train,1
1577,train,1
1578,train,1
1579,train,1
1580,train,1
1581,validation,1
1582,test,1
1583,validation,1
1584,train,1
1585,train,1
1586,train,1
1587,test,1
1588,train,1
1589,train,1
1590,train,1
1591,train,1
1592,train,1
1593,train,1
1594,validation,1
1595,train,1
1596,train,1
1597,train,1
1598,train,1
1599,validation,1
1600,train,1
1601,validation,1
1602,train,1
1603,train,1
1604,train,1
1605,validation,1
1606,test,1
1607,train,1
1608,validation,1
1609,train,1
1610,train,1
1611,train,1
1612,validation,1
1613,train,1
1614,test,1
1615,train,1
1616,train,1
1617,train,1
1618,train,1
1619,test,1
1620,test,1
1621,train,1
1622,train,1
1623,train,1
1624,test,1
1625,train,1
1626,train,1
1627,test,1
1628,train,1
1629,train,1
1630,validation,1
1631,train,1
1632,validation,1
1633,test,1
1634,train,1
1635,validation,1
1636,train,1
1637,test,1
1638,train,1
1639,train,1
1640,train,1
1641,validation,1
1642,train,1
1643,validation,1
1644,validation,1
1645,train,1
1646,train,1
1647,train,1
1648,train,1
1649,train,1
1650,test,1
1651,train,1
1652,validation,1
1653,train,1
1654,train,1
1655,train,1
1656,test,1
1657,train,1
1658,validation,1
1659,train,1
1660,train,1
1661,train,1
1662,train,1
1663,train,1
1664,train,1
1665,validation,1
1666,train,1
1667,train,1
1668,train,1
1669,train,1
1670,train,1
1671,train,1
1672,train,1
1673,train,1
1674,test,1
1675,test,1
1676,validation,1
1677,train,1
1678,train,1
1679,train,1
1680,test,1
1681,train,1
1682,train,1
1683,train,1
1684,train,1
1685,test,1
1686,train,1
1687,train,1
1688,train,1
1689,validation,1
1690,train,1
1691,train,1
1692,validation,1
1693,validation,1
1694,test,1
1695,train,1
1696,train,1
1697,train,1
1698,train,1
1699,validation,1
1700,train,1
1701,train,1
1702,validation,1
1703,train,1
1704,train,1
1705,validation,1
1706,train,1
1707,train,1
1708,validation,1
1709,train,1
1710,train,1
1711,train,1
1712,train,1
1713,validation,1
1714,validation,1
1715,train,1
1716,train,1
1717,test,1
1718,train,1
1719,train,1
1720,train,1
1721,train,1
1722,train,1
1723,train,1
1724,train,1
1725,test,1
1726,train,1
1727,test,1
1728,train,1
1729,validation,1
1730,train,1
1731,test,1
1732,validation,1
1733,train,1
1734,train,1
1735,validation,1
1736,train,1
1737,train,1
1738,validation,1
1739,test,1
1740,train,1
1741,train,1
1742,train,1
1743,train,1
1744,train,1
1745,validation,1
1746,train,1
1747,validation,1
1748,validation,1
1749,train,1
1750,train,1
1751,train,1
1752,train,1
1753,validation,1
1754,validation,1
1755,train,1
1756,train,1
1757,train,1
1758,train,1
1759,train,1
1760,test,1
1761,test,1
1762,train,1
1763,validation,1
1764,train,1
1765,train,1
1766,train,1
1767,train,1
1768,test,1
1769,train,1
1770,train,1
1771,train,1
1772,train,1
1773,train,1
1774,train,1
1775,train,1
1776,train,1
1777,train,1
1778,train,1
1779,train,1
1780,test,1
1781,train,1
1782,train,1
1783,test,1
1784,train,1
1785,validation,1
1786,validation,1
1787,train,1
1788,train,1
1789,train,1
1790,train,1
1791,test,1
1792,train,1
1793,train,1
1794,train,1
1795,train,1
1796,train,1
1797,train,1
1798,validation,1
1799,train,1
1800,validation,1
1801,train,1
1802,train,1
1803,train,1
1804,train,1
1805,train,1
1806,train,1
1807,validation,1
1808,train,1
1809,train,1
1810,test,1
1811,train,1
1812,validation,1
1813,validation,1
1814,test,1
1815,train,1
1816,train,1
1817,test,1
1818,train,1
1819,train,1
1820,train,1
1821,train,1
1822,train,1
1823,validation,1
1824,train,1
1825,train,1
1826,train,1
1827,validation,1
1828,train,1
1829,validation,1
1830,train,1
1831,train,1
1832,train,1
1833,train,1
1834,train,1
1835,train,1
1836,validation,1
1837,train,1
1838,train,1
1839,train,1
1840,train,1
1841,validation,1
1842,train,1
1843,train,1
1844,train,1
1845,train,1
1846,train,1
1847,train,1
1848,train,1
1849,train,1
1850,test,1
1851,train,1
1852,train,1
1853,train,1
1854,train,1
1855,train,1
1856,train,1
1857,train,1
1858,train,1
1859,validation,1
1860,train,1
1861,train,1
1862,test,1
1863,train,1
1864,train,1
1865,train,1
1866,train,1
1867,train,1
1868,train,1
1869,train,1
1870,train,1
1871,train,1
1872,train,1
1873,train,1
1874,train,1
1875,test,1
1876,train,1
1877,train,1
1878,test,1
1879,train,1
1880,train,1
1881,train,1
1882,train,1
1883,train,1
1884,validation,1
1885,validation,1
1886,validation,1
1887,test,1
1888,train,1
1889,validation,1
1890,train,1
1891,validation,1
1892,validation,1
1893,train,1
1894,test,1
1895,train,1
1896,test,1
1897,train,1
1898,train,1
1899,train,1
1900,train,1
1901,train,1
1902,train,1
1903,train,1
1904,train,1
1905,train,1
1906,train,1
1907,train,1
1908,train,1
1909,train,1
1910,test,1
1911,train,1
1912,test,1
1913,train,1
1914,train,1
1915,validation,1
1916,train,1
1917,validation,1
1918,train,1
1919,train,1
1920,validation,1
1921,validation,1
1922,test,1
1923,test,1
1924,test,1
1925,train,1
1926,train,1
1927,train,1
1928,train,1
1929,train,1
1930,train,1
1931,train,1
1932,train,1
1933,train,1
1934,train,1
1935,train,1
1936,train,1
1937,train,1
1938,train,1
1939,train,1
1940,train,1
1941,train,1
1942,validation,1
1943,train,1
1944,train,1
1945,train,1
1946,test,1
1947,validation,1
1948,train,1
1949,train,1
1950,train,1
1951,train,1
1952,train,1
1953,validation,1
1954,train,1
1955,test,1
1956,train,1
1957,train,1
1958,validation,1
1959,train,1
1960,train,1
1961,train,1
1962,train,1
1963,train,1
1964,train,1
1965,train,1
1966,test,1
1967,train,1
1968,validation,1
1969,validation,1
1970,train,1
1971,validation,1
1972,train,1
1973,train,1
1974,train,1
1975,test,1
1976,train,1
1977,train,1
1978,train,1
1979,train,1
1980,test,1
1981,train,1
1982,train,1
1983,validation,1
1984,train,1
1985,train,1
1986,train,1
1987,validation,1
1988,test,1
1989,train,1
1990,train,1
1991,test,1
1992,validation,1
1993,train,1
1994,train,1
1995,train,1
1996,validation,1
1997,train,1
1998,train,1
1999,train,1
2000,validation,1
2001,train,1
2002,train,1
2003,train,1
2004,train,1
2005,train,1
2006,train,1
2007,test,1
2008,train,1
2009,train,1
2010,train,1
2011,train,1
2012,train,1
2013,train,1
2014,train,1
2015,train,1
2016,train,1
2017,train,1
2018,test,1
2019,validation,1
2020,train,1
2021,train,1
2022,validation,1
2023,train,1
2024,train,1
2025,train,1
2026,train,1
2027,train,1
2028,train,1
2029,train,1
2030,test,1
2031,validation,1
2032,train,1
2033,train,1
2034,train,1
2035,train,1
2036,validation,1
2037,train,1
2038,train,1
2039,test,1
2040,train,1
2041,train,1
2042,train,1
2043,test,1
2044,test,1
2045,train,1
2046,train,1
2047,train,1
2048,train,1
2049,train,1
2050,train,1
2051,validation,1
2052,train,1
2053,train,1
2054,train,1
2055,test,1
2056,train,1
2057,train,1
2058,train,1
2059,train,1
2060,train,1
2061,train,1
2062,train,1
2063,train,1
2064,train,1
2065,train,1
2066,test,1
2067,train,1
2068,train,1
2069,train,1
2070,validation,1
2071,test,1
2072,train,1
2073,train,1
2074,train,1
2075,train,1
2076,train,1
2077,test,1
2078,train,1
2079,train,1
2080,train,1
2081,train,1
2082,train,1
2083,train,1
2084,train,1
2085,train,1
2086,train,1
2087,test,1
2088,train,1
2089,test,1
2090,train,1
2091,train,1
2092,train,1
2093,validation,1
2094,train,1
2095,test,1
2096,test,1
2097,test,1
2098,validation,1
2099,test,1
2100,train,1
2101,train,1
2102,train,1
2103,train,1
2104,train,1
2105,test,1
2106,test,1
2107,train,1
2108,train,1
2109,train,1
2110,test,1
2111,train,1
2112,train,1
2113,train,1
2114,train,1
2115,test,1
2116,train,1
2117,test,1
2118,train,1
2119,train,1
2120,test,1
2121,train,1
2122,train,1
2123,train,1
2124,train,1
2125,train,1
2126,test,1
2127,train,1
2128,train,1
2129,train,1
2130,train,1
2131,validation,1
2132,train,1
2133,train,1
2134,train,1
2135,test,1
2136,test,1
2137,validation,1
2138,train,1
2139,test,1
2140,train,1
2141,validation,1
2142,train,1
2143,validation,1
2144,train,1
2145,train,1
2146,train,1
2147,train,1
2148,train,1
2149,validation,1
2150,test,1
2151,train,1
2152,train,1
2153,validation,1
2154,test,1
2155,test,1
2156,train,1
2157,test,1
2158,test,1
2159,train,1
2160,train,1
2161,test,1
2162,train,1
2163,test,1
2164,validation,1
2165,validation,1
2166,test,1
2167,train,1
2168,train,1
2169,train,1
2170,train,1
2171,train,1
2172,train,1
2173,train,1
2174,validation,1
2175,train,1
2176,train,1
2177,validation,1
2178,train,1
2179,test,1
2180,validation,1
2181,train,1
2182,train,1
2183,train,1
2184,train,1
2185,train,1
2186,train,1
2187,test,1
2188,test,1
2189,train,1
2190,train,1
2191,train,1
2192,train,1
2193,train,1
2194,train,1
2195,train,1
2196,train,1
2197,train,1
2198,train,1
2199,train,1
2200,train,1
2201,train,1
2202,train,1
2203,test,1
2204,train,1
2205,validation,1
2206,test,1
2207,train,1
2208,train,1
2209,validation,1
2210,train,1
2211,train,1
2212,train,1
2213,train,1
2214,validation,1
2215,train,1
2216,train,1
2217,validation,1
2218,train,1
2219,train,1
2220,train,1
2221,validation,1
2222,train,1
2223,test,1
2224,train,1
2225,train,1
2226,train,1
2227,train,1
2228,train,1
2229,train,1
2230,validation,1
2231,train,1
2232,train,1
2233,test,1
2234,train,1
2235,train,1
2236,train,1
2237,train,1
2238,train,1
2239,validation,1
2240,train,1
2241,train,1
2242,train,1
2243,train,1
2244,train,1
2245,test,1
2246,train,1
2247,train,1
2248,train,1
2249,train,1
2250,train,1
2251,validation,1
2252,train,1
2253,train,1
2254,train,1
2255,train,1
2256,validation,1
2257,train,1
2258,train,1
2259,validation,1
2260,validation,1
2261,train,1
2262,train,1
2263,train,1
2264,train,1
2265,test,1
2266,test,1
2267,train,1
2268,train,1
2269,train,1
2270,validation,1
2271,train,1
2272,validation,1
2273,validation,1
2274,train,1
2275,train,1
2276,train,1
2277,test,1
2278,train,1
2279,train,1
2280,test,1
2281,validation,1
2282,train,1
2283,validation,1
2284,train,1
2285,train,1
2286,test,1
2287,validation,1
2288,train,1
2289,train,1
2290,train,1
2291,train,1
2292,validation,1
2293,train,1
2294,validation,1
2295,train,1
2296,train,1
2297,train,1
2298,train,1
2299,validation,1
2300,test,1
2301,validation,1
2302,train,1
2303,test,1
2304,train,1
2305,train,1
2306,validation,1
2307,train,1
2308,test,1
2309,train,1
2310,validation,1
2311,train,1
2312,train,1
2313,train,1
2314,validation,1
2315,train,1
2316,train,1
2317,train,1
2318,train,1
2319,train,1
2320,train,1
2321,train,1
2322,train,1
2323,train,1
2324,test,1
2325,train,1
2326,validation,1
2327,validation,1
2328,train,1
2329,train,1
2330,validation,1
2331,train,1
2332,test,1
2333,test,1
2334,train,1
2335,train,1
2336,train,1
2337,train,1
2338,train,1
2339,train,1
2340,train,1
2341,train,1
2342,train,1
2343,train,1
2344,train,1
2345,train,1
2346,validation,1
2347,validation,1
2348,validation,1
2349,train,1
2350,train,1
2351,train,1
2352,train,1
2353,train,1
2354,train,1
2355,train,1
2356,train,1
2357,train,1
2358,train,1
2359,train,1
2360,train,1
2361,train,1
2362,validation,1
2363,train,1
2364,validation,1
2365,train,1
2366,train,1
2367,train,1
2368,train,1
2369,train,1
2370,validation,1
2371,validation,1
2372,train,1
2373,validation,1
2374,train,1
2375,train,1
2376,train,1
2377,train,1
2378,train,1
2379,train,1
2380,train,1
2381,train,1
2382,validation,1
2383,train,1
2384,validation,1
2385,train,1
2386,train,1
2387,train,1
2388,train,1
2389,train,1
2390,train,1
2391,train,1
2392,train,1
2393,test,1
2394,train,1
2395,train,1
2396,train,1
2397,train,1
2398,train,1
2399,train,1
2400,train,1
2401,train,1
2402,train,1
2403,train,1
2404,test,1
2405,train,1
2406,test,1
2407,train,1
2408,train,1
2409,train,1
2410,test,1
2411,validation,1
2412,train,1
2413,train,1
2414,train,1
2415,train,1
2416,train,1
2417,train,1
2418,train,1
2419,train,1
2420,train,1
2421,train,1
2422,validation,1
2423,train,1
2424,train,1
2425,train,1
2426,train,1
2427,train,1
2428,train,1
2429,test,1
2430,train,1
2431,train,1
2432,train,1
2433,train,1
2434,train,1
2435,validation,1
2436,train,1
2437,train,1
2438,train,1
2439,validation,1
2440,train,1
2441,train,1
2442,train,1
2443,train,1
2444,train,1
2445,train,1
2446,test,1
2447,train,1
2448,train,1
2449,test,1
2450,train,1
2451,train,1
2452,train,1
2453,train,1
2454,train,1
2455,train,1
2456,train,1
2457,train,1
2458,test,1
2459,train,1
2460,validation,1
2461,train,1
2462,train,1
2463,train,1
2464,validation,1
2465,train,1
2466,train,1
2467,train,1
2468,train,1
2469,test,1
2470,train,1
2471,validation,1
2472,train,1
2473,train,1
2474,train,1
2475,train,1
2476,train,1
2477,train,1
2478,train,1
2479,train,1
2480,train,1
2481,train,1
2482,train,1
2483,train,1
2484,train,1
2485,train,1
2486,validation,1
2487,train,1
2488,train,1
2489,train,1
2490,train,1
2491,train,1
2492,test,1
2493,train,1
2494,validation,1
2495,train,1
2496,validation,1
2497,train,1
2498,train,1
2499,train,1
2500,validation,1
2501,train,1
2502,validation,1
2503,train,1
2504,train,1
2505,train,1
2506,train,1
2507,train,1
2508,validation,1
2509,train,1
2510,validation,1
2511,train,1
2512,train,1
2513,train,1
2514,validation,1
2515,train,1
2516,train,1
2517,train,1
2518,validation,1
2519,train,1
2520,train,1
2521,train,1
2522,train,1
2523,test,1
2524,train,1
2525,train,1
2526,train,1
2527,train,1
2528,train,1
2529,test,1
2530,train,1
2531,validation,1
2532,train,1
2533,train,1
2534,train,1
2535,train,1
2536,train,1
2537,train,1
2538,train,1
2539,train,1
2540,validation,1
2541,train,1
2542,test,1
2543,train,1
2544,train,1
2545,train,1
2546,train,1
2547,train,1
2548,validation,1
2549,train,1
2550,train,1
2551,test,1
2552,train,1
2553,train,1
2554,train,1
2555,train,1
2556,train,1
2557,train,1
2558,test,1
2559,validation,1
2560,test,1
2561,train,1
2562,train,1
2563,train,1
2564,train,1
2565,train,1
2566,test,1
2567,validation,1
2568,train,1
2569,train,1
2570,train,1
2571,train,1
2572,test,1
2573,train,1
2574,validation,1
2575,train,1
2576,train,1
2577,test,1
2578,train,1
2579,validation,1
2580,train,1
2581,train,1
2582,train,1
2583,validation,1
2584,train,1
2585,train,1
2586,test,1
2587,validation,1
2588,test,1
2589,validation,1
2590,test,1
2591,train,1
2592,train,1
2593,train,1
2594,train,1
2595,test,1
2596,train,1
2597,validation,1
2598,train,1
2599,train,1
2600,test,1
2601,test,1
2602,validation,1
2603,train,1
2604,train,1
2605,validation,1
2606,test,1
2607,train,1
2608,train,1
2609,train,1
2610,train,1
2611,train,1
2612,validation,1
2613,train,1
2614,train,1
2615,train,1
2616,train,1
2617,train,1
2618,test,1
2619,train,1
2620,train,1
2621,train,1
2622,train,1
2623,validation,1
2624,train,1
2625,train,1
2626,train,1
2627,validation,1
2628,train,1
2629,train,1
2630,test,1
2631,train,1
2632,train,1
2633,train,1
2634,train,1
2635,train,1
2636,train,1
2637,train,1
2638,train,1
2639,train,1
2640,train,1
2641,train,1
2642,test,1
2643,train,1
2644,train,1
2645,train,1
2646,train,1
2647,train,1
2648,train,1
2649,validation,1
2650,train,1
2651,train,1
2652,train,1
2653,train,1
2654,test,1
2655,train,1
2656,train,1
2657,train,1
2658,train,1
2659,test,1
2660,train,1
2661,train,1
2662,train,1
2663,train,1
2664,train,1
2665,train,1
2666,train,1
2667,train,1
2668,test,1
2669,train,1
2670,train,1
2671,train,1
2672,validation,1
2673,validation,1
2674,train,1
2675,validation,1
2676,train,1
2677,test,1
2678,train,1
2679,train,1
2680,train,1
2681,train,1
2682,test,1
2683,train,1
2684,train,1
2685,train,1
2686,test,1
2687,train,1
2688,train,1
2689,test,1
2690,validation,1
2691,validation,1
2692,validation,1
2693,train,1
2694,train,1
2695,train,1
2696,train,1
2697,train,1
2698,train,1
2699,validation,1
2700,test,1
2701,train,1
2702,train,1
2703,train,1
2704,train,1
2705,train,1
2706,train,1
2707,train,1
2708,train,1
2709,train,1
2710,train,1
2711,train,1
2712,validation,1
2713,train,1
2714,train,1
2715,train,1
2716,train,1
2717,train,1
2718,train,1
2719,train,1
2720,train,1
2721,test,1
2722,validation,1
2723,test,1
2724,validation,1
2725,train,1
2726,train,1
2727,train,1
2728,train,1
2729,train,1
2730,train,1
2731,test,1
2732,train,1
2733,train,1
2734,train,1
2735,train,1
2736,test,1
2737,train,1
2738,train,1
2739,train,1
2740,train,1
2741,train,1
2742,train,1
2743,validation,1
2744,test,1
2745,train,1
2746,train,1
2747,train,1
2748,train,1
2749,train,1
2750,test,1
2751,train,1
2752,train,1
2753,validation,1
2754,validation,1
2755,train,1
2756,train,1
2757,train,1
2758,train,1
2759,train,1
2760,train,1
2761,train,1
2762,train,1
2763,train,1
2764,train,1
2765,test,1
2766,validation,1
2767,train,1
2768,train,1
2769,train,1
2770,test,1
2771,train,1
2772,test,1
2773,validation,1
2774,validation,1
2775,train,1
2776,train,1
2777,train,1
2778,train,1
2779,train,1
2780,test,1
2781,train,1
2782,train,1
2783,train,1
2784,train,1
2785,validation,1
2786,test,1
2787,train,1
2788,train,1
2789,train,1
2790,train,1
2791,train,1
2792,train,1
2793,train,1
2794,train,1
2795,train,1
2796,train,1
2797,train,1
2798,train,1
2799,validation,1
2800,train,1
2801,validation,1
2802,test,1
2803,train,1
2804,test,1
2805,train,1
2806,train,1
2807,train,1
2808,test,1
2809,validation,1
2810,train,1
2811,train,1
2812,train,1
2813,train,1
2814,train,1
2815,train,1
2816,validation,1
2817,train,1
2818,validation,1
2819,train,1
2820,test,1
2821,train,1
2822,validation,1
2823,validation,1
2824,train,1
2825,train,1
2826,test,1
2827,train,1
2828,validation,1
2829,test,1
2830,train,1
2831,train,1
2832,test,1
2833,validation,1
2834,validation,1
2835,train,1
2836,test,1
2837,train,1
2838,train,1
2839,train,1
2840,train,1
2841,train,1
2842,train,1
2843,validation,1
2844,train,1
2845,train,1
2846,test,1
2847,train,1
2848,train,1
2849,validation,1
2850,train,1
2851,train,1
2852,train,1
2853,validation,1
2854,validation,1
2855,test,1
2856,train,1
2857,train,1
2858,train,1
2859,train,1
2860,train,1
2861,train,1
2862,train,1
2863,train,1
2864,train,1
2865,test,1
2866,validation,1
2867,train,1
2868,test,1
2869,train,1
2870,test,1
2871,train,1
2872,train,1
2873,train,1
2874,test,1
2875,train,1
2876,train,1
2877,train,1
2878,test,1
2879,train,1
2880,validation,1
2881,train,1
2882,test,1
2883,train,1
2884,train,1
2885,train,1
2886,validation,1
2887,test,1
2888,train,1
2889,train,1
2890,train,1
2891,train,1
2892,train,1
2893,train,1
2894,validation,1
2895,train,1
2896,train,1
2897,train,1
2898,test,1
2899,train,1
2900,train,1
2901,train,1
2902,train,1
2903,train,1
2904,train,1
2905,train,1
2906,train,1
2907,train,1
2908,train,1
2909,validation,1
2910,test,1
2911,test,1
2912,train,1
2913,test,1
2914,test,1
2915,train,1
2916,test,1
2917,train,1
2918,train,1
2919,train,1
2920,test,1
2921,test,1
2922,validation,1
2923,validation,1
2924,test,1
2925,train,1
2926,train,1
2927,train,1
2928,train,1
2929,train,1
2930,train,1
2931,train,1
2932,train,1
2933,train,1
2934,train,1
2935,validation,1
2936,test,1
2937,train,1
2938,train,1
2939,train,1
2940,train,1
2941,test,1
2942,validation,1
2943,train,1
2944,test,1
2945,train,1
2946,train,1
2947,train,1
2948,train,1
2949,train,1
2950,train,1
2951,test,1
2952,test,1
2953,train,1
2954,validation,1
2955,train,1
2956,test,1
2957,train,1
2958,test,1
2959,train,1
2960,test,1
2961,train,1
2962,train,1
2963,train,1
2964,train,1
2965,train,1
2966,train,1
2967,train,1
2968,train,1
2969,train,1
2970,train,1
2971,validation,1
2972,train,1
2973,train,1
2974,train,1
2975,train,1
2976,test,1
2977,train,1
2978,train,1
2979,train,1
2980,train,1
2981,test,1
2982,train,1
2983,train,1
2984,train,1
2985,validation,1
2986,train,1
2987,train,1
2988,train,1
2989,test,1
2990,train,1
2991,test,1
2992,train,1
2993,train,1
2994,train,1
2995,train,1
2996,test,1
2997,validation,1
2998,train,1
2999,train,1
3000,validation,1
3001,train,1
3002,train,1
3003,validation,1
3004,train,1
3005,train,1
3006,train,1
3007,train,1
3008,train,1
3009,train,1
3010,train,1
3011,train,1
3012,train,1
3013,train,1
3014,train,1
3015,train,1
3016,train,1
3017,train,1
3018,train,1
3019,train,1
3020,train,1
3021,train,1
3022,train,1
3023,test,1
3024,train,1
3025,test,1
3026,train,1
3027,train,1
3028,train,1
3029,train,1
3030,train,1
3031,train,1
3032,train,1
3033,train,1
3034,train,1
3035,train,1
3036,train,1
3037,train,1
3038,validation,1
3039,train,1
3040,train,1
3041,train,1
3042,train,1
3043,validation,1
3044,train,1
3045,validation,1
3046,validation,1
3047,validation,1
3048,train,1
3049,train,1
3050,train,1
3051,test,1
3052,train,1
3053,train,1
3054,test,1
3055,train,1
3056,validation,1
3057,test,1
3058,train,1
3059,train,1
3060,train,1
3061,train,1
3062,train,1
3063,train,1
3064,train,1
3065,train,1
3066,train,1
3067,validation,1
3068,validation,1
3069,validation,1
3070,train,1
3071,test,1
3072,train,1
3073,validation,1
3074,train,1
3075,train,1
3076,validation,1
3077,test,1
3078,train,1
3079,train,1
3080,train,1
3081,train,1
3082,train,1
3083,test,1
3084,validation,1
3085,train,1
3086,train,1
3087,test,1
3088,train,1
3089,train,1
3090,validation,1
3091,train,1
3092,train,1
3093,train,1
3094,test,1
3095,validation,1
3096,train,1
3097,test,1
3098,test,1
3099,test,1
3100,train,1
3101,train,1
3102,train,1
3103,train,1
3104,train,1
3105,validation,1
3106,test,1
3107,train,1
3108,train,1
3109,train,1
3110,train,1
3111,train,1
3112,train,1
3113,test,1
3114,train,1
3115,train,1
3116,test,1
3117,train,1
3118,train,1
3119,validation,1
3120,train,1
3121,train,1
3122,train,1
3123,train,1
3124,train,1
3125,validation,1
3126,train,1
3127,train,1
3128,train,1
3129,train,1
3130,train,1
3131,train,1
3132,train,1
3133,train,1
3134,train,1
3135,test,1
3136,train,1
3137,train,1
3138,validation,1
3139,validation,1
3140,train,1
3141,test,1
3142,train,1
3143,train,1
3144,test,1
3145,train,1
3146,validation,1
3147,train,1
3148,train,1
3149,train,1
3150,train,1
3151,train,1
3152,train,1
3153,train,1
3154,train,1
3155,train,1
3156,train,1
3157,train,1
3158,train,1
3159,test,1
3160,test,1
3161,train,1
3162,train,1
3163,train,1
3164,train,1
3165,train,1
3166,train,1
3167,train,1
3168,train,1
3169,train,1
3170,train,1
3171,train,1
3172,train,1
3173,train,1
3174,train,1
3175,train,1
3176,train,1
3177,train,1
3178,train,1
3179,test,1
3180,train,1
3181,train,1
3182,train,1
3183,train,1
3184,train,1
3185,train,1
3186,train,1
3187,validation,1
3188,train,1
3189,train,1
3190,validation,1
3191,train,1
3192,train,1
3193,train,1
3194,train,1
3195,train,1
3196,train,1
3197,validation,1
3198,train,1
3199,train,1
3200,train,1
3201,train,1
3202,train,1
3203,test,1
3204,train,1
3205,test,1
3206,validation,1
3207,train,1
3208,train,1
3209,train,1
3210,train,1
3211,train,1
3212,train,1
3213,train,1
3214,train,1
3215,train,1
3216,train,1
3217,train,1
3218,test,1
3219,train,1
3220,train,1
3221,train,1
3222,train,1
3223,train,1
3224,train,1
3225,train,1
3226,validation,1
3227,train,1
3228,train,1
3229,train,1
3230,train,1
3231,train,1
3232,train,1
3233,train,1
3234,train,1
3235,train,1
3236,train,1
3237,train,1
3238,test,1
3239,train,1
3240,train,1
3241,test,1
3242,test,1
3243,train,1
3244,train,1
3245,train,1
3246,train,1
3247,test,1
3248,train,1
3249,test,1
3250,train,1
3251,train,1
3252,test,1
3253,train,1
3254,train,1
3255,test,1
3256,train,1
3257,train,1
3258,train,1
3259,train,1
3260,validation,1
3261,validation,1
3262,train,1
3263,validation,1
3264,validation,1
3265,train,1
3266,train,1
3267,train,1
3268,train,1
3269,train,1
3270,test,1
3271,train,1
3272,train,1
3273,train,1
3274,train,1
3275,validation,1
3276,train,1
3277,train,1
3278,train,1
3279,train,1
3280,train,1
3281,test,1
3282,train,1
3283,test,1
3284,train,1
3285,train,1
3286,test,1
3287,train,1
3288,train,1
3289,train,1
3290,train,1
3291,train,1
3292,validation,1
3293,train,1
3294,validation,1
3295,train,1
3296,test,1
3297,test,1
3298,validation,1
3299,test,1
3300,train,1
3301,train,1
3302,train,1
3303,train,1
3304,validation,1
3305,train,1
3306,train,1
3307,test,1
3308,validation,1
3309,train,1
3310,train,1
3311,train,1
3312,train,1
3313,train,1
3314,train,1
3315,train,1
3316,train,1
3317,train,1
3318,test,1
3319,train,1
3320,train,1
3321,test,1
3322,train,1
3323,train,1
3324,train,1
3325,train,1
3326,train,1
3327,train,1
3328,train,1
3329,train,1
3330,test,1
3331,train,1
3332,train,1
3333,test,1
3334,train,1
3335,train,1
3336,train,1
3337,train,1
3338,train,1
3339,validation,1
3340,train,1
3341,train,1
3342,train,1
3343,train,1
3344,train,1
3345,train,1
3346,train,1
3347,train,1
3348,train,1
3349,train,1
3350,test,1
3351,test,1
3352,test,1
3353,train,1
3354,train,1
3355,train,1
3356,train,1
3357,train,1
3358,train,1
3359,train,1
3360,train,1
3361,train,1
3362,train,1
3363,train,1
3364,validation,1
3365,train,1
3366,train,1
3367,train,1
3368,train,1
3369,validation,1
3370,train,1
3371,train,1
3372,test,1
3373,train,1
3374,validation,1
3375,train,1
3376,train,1
3377,test,1
3378,train,1
3379,train,1
3380,train,1
3381,train,1
3382,train,1
3383,train,1
3384,train,1
3385,train,1
3386,test,1
3387,train,1
3388,train,1
3389,train,1
3390,train,1
3391,train,1
3392,train,1
3393,train,1
3394,train,1
3395,test,1
3396,validation,1
3397,train,1
3398,train,1
3399,test,1
3400,train,1
3401,train,1
3402,validation,1
3403,train,1
3404,test,1
3405,train,1
3406,train,1
3407,validation,1
3408,train,1
3409,train,1
3410,train,1
3411,train,1
3412,train,1
3413,validation,1
3414,train,1
3415,test,1
3416,train,1
3417,validation,1
3418,train,1
3419,validation,1
3420,train,1
3421,train,1
3422,train,1
3423,train,1
3424,train,1
3425,train,1
3426,train,1
3427,train,1
3428,train,1
3429,train,1
3430,train,1
3431,train,1
3432,validation,1
3433,train,1
3434,train,1
3435,train,1
3436,test,1
3437,train,1
3438,test,1
3439,train,1
3440,train,1
3441,train,1
3442,validation,1
3443,test,1
3444,train,1
3445,train,1
3446,train,1
3447,train,1
3448,train,1
3449,train,1
3450,train,1
3451,train,1
3452,test,1
3453,validation,1
3454,train,1
3455,test,1
3456,train,1
3457,train,1
3458,train,1
3459,train,1
3460,train,1
3461,train,1
3462,train,1
3463,validation,1
3464,test,1
3465,train,1
3466,train,1
3467,validation,1
3468,train,1
3469,train,1
3470,train,1
3471,train,1
3472,train,1
3473,train,1
3474,train,1
3475,train,1
3476,train,1
3477,test,1
3478,validation,1
3479,train,1
3480,train,1
3481,train,1
3482,validation,1
3483,train,1
3484,train,1
3485,train,1
3486,train,1
3487,validation,1
3488,train,1
3489,test,1
3490,train,1
3491,train,1
3492,train,1
3493,train,1
3494,test,1
3495,train,1
3496,train,1
3497,test,1
3498,train,1
3499,test,1
3500,train,1
3501,train,1
3502,validation,1
3503,validation,1
3504,train,1
3505,test,1
3506,train,1
3507,train,1
3508,train,1
3509,validation,1
3510,train,1
3511,train,1
3512,validation,1
3513,train,1
3514,train,1
3515,train,1
3516,train,1
3517,train,1
3518,test,1
3519,train,1
3520,train,1
3521,train,1
3522,train,1
3523,train,1
3524,train,1
3525,train,1
3526,train,1
3527,train,1
3528,test,1
3529,test,1
3530,test,1
3531,train,1
3532,test,1
3533,validation,1
3534,train,1
3535,train,1
3536,train,1
3537,train,1
3538,train,1
3539,train,1
3540,test,1
3541,validation,1
3542,train,1
3543,test,1
3544,train,1
3545,train,1
3546,train,1
3547,validation,1
3548,validation,1
3549,train,1
3550,test,1
3551,train,1
3552,train,1
3553,validation,1
3554,train,1
3555,train,1
3556,train,1
3557,train,1
3558,train,1
3559,validation,1
3560,train,1
3561,validation,1
3562,validation,1
3563,validation,1
3564,train,1
3565,train,1
3566,train,1
3567,train,1
3568,train,1
3569,train,1
3570,train,1
3571,train,1
3572,train,1
3573,train,1
3574,train,1
3575,train,1
3576,validation,1
3577,train,1
3578,train,1
3579,validation,1
3580,train,1
3581,train,1
3582,train,1
3583,train,1
3584,train,1
3585,train,1
3586,train,1
3587,train,1
3588,train,1
3589,train,1
3590,validation,1
3591,test,1
3592,train,1
3593,validation,1
3594,train,1
3595,validation,1
3596,test,1
3597,test,1
3598,train,1
3599,test,1
3600,validation,1
3601,test,1
3602,train,1
3603,test,1
3604,train,1
3605,train,1
3606,train,1
3607,train,1
3608,train,1
3609,test,1
3610,validation,1
3611,train,1
3612,test,1
3613,validation,1
3614,train,1
3615,train,1
3616,train,1
3617,validation,1
3618,train,1
3619,train,1
3620,train,1
3621,train,1
3622,train,1
3623,train,1
3624,train,1
3625,train,1
3626,train,1
3627,train,1
3628,train,1
3629,train,1
3630,validation,1
3631,train,1
3632,train,1
3633,train,1
3634,train,1
3635,validation,1
3636,validation,1
3637,validation,1
3638,train,1
3639,train,1
3640,train,1
3641,train,1
3642,test,1
3643,train,1
3644,train,1
3645,test,1
3646,train,1
3647,train,1
3648,train,1
3649,train,1
3650,train,1
3651,train,1
3652,train,1
3653,train,1
3654,train,1
3655,train,1
3656,train,1
3657,train,1
3658,validation,1
3659,train,1
3660,train,1
3661,train,1
3662,train,1
3663,test,1
3664,validation,1
3665,train,1
3666,validation,1
3667,train,1
3668,train,1
3669,test,1
3670,train,1
3671,validation,1
3672,validation,1
3673,train,1
3674,validation,1
3675,train,1
3676,train,1
3677,train,1
3678,train,1
3679,train,1
3680,test,1
3681,validation,1
3682,train,1
3683,test,1
3684,validation,1
3685,test,1
3686,validation,1
3687,test,1
3688,train,1
3689,train,1
3690,train,1
3691,test,1
3692,train,1
3693,train,1
3694,train,1
3695,train,1
3696,train,1
3697,train,1
3698,train,1
3699,train,1
3700,train,1
3701,validation,1
3702,train,1
3703,test,1
3704,train,1
3705,train,1
3706,test,1
3707,train,1
3708,validation,1
3709,train,1
3710,train,1
3711,train,1
3712,validation,1
3713,train,1
3714,train,1
3715,train,1
3716,validation,1
3717,train,1
3718,test,1
3719,train,1
3720,test,1
3721,train,1
3722,validation,1
3723,train,1
3724,train,1
3725,train,1
3726,train,1
3727,train,1
3728,train,1
3729,train,1
3730,train,1
3731,train,1
3732,train,1
3733,train,1
3734,test,1
3735,train,1
3736,validation,1
3737,train,1
3738,train,1
3739,train,1
3740,train,1
3741,train,1
3742,train,1
3743,test,1
3744,train,1
3745,train,1
3746,train,1
3747,train,1
3748,validation,1
3749,train,1
3750,train,1
3751,train,1
3752,train,1
3753,train,1
3754,train,1
3755,train,1
3756,validation,1
3757,train,1
3758,train,1
3759,validation,1
3760,validation,1
3761,train,1
3762,test,1
3763,train,1
3764,train,1
3765,train,1
3766,test,1
3767,train,1
3768,train,1
3769,train,1
3770,train,1
3771,test,1
3772,train,1
3773,train,1
3774,train,1
3775,train,1
3776,train,1
3777,train,1
3778,train,1
3779,train,1
3780,train,1
3781,train,1
3782,train,1
3783,train,1
3784,train,1
3785,validation,1
3786,train,1
3787,train,1
3788,train,1
3789,train,1
3790,train,1
3791,test,1
3792,test,1
3793,validation,1
3794,train,1
3795,train,1
3796,train,1
3797,train,1
3798,train,1
3799,train,1
3800,test,1
3801,train,1
3802,train,1
3803,train,1
3804,train,1
3805,validation,1
3806,train,1
3807,train,1
3808,train,1
3809,train,1
3810,train,1
3811,train,1
3812,test,1
3813,test,1
3814,train,1
3815,test,1
3816,train,1
3817,train,1
3818,train,1
3819,train,1
3820,test,1
3821,train,1
3822,train,1
3823,train,1
3824,test,1
3825,test,1
3826,train,1
3827,train,1
3828,train,1
3829,train,1
3830,validation,1
3831,train,1
3832,train,1
3833,train,1
3834,train,1
3835,test,1
3836,train,1
3837,validation,1
3838,train,1
3839,train,1
3840,train,1
3841,train,1
3842,validation,1
3843,test,1
3844,validation,1
3845,train,1
3846,train,1
3847,train,1
3848,test,1
3849,test,1
3850,train,1
3851,train,1
3852,train,1
3853,test,1
3854,test,1
3855,train,1
3856,test,1
3857,train,1
3858,train,1
3859,train,1
3860,test,1
3861,train,1
3862,validation,1
3863,test,1
3864,train,1
3865,train,1
3866,train,1
3867,test,1
3868,validation,1
3869,train,1
3870,train,1
3871,test,1
3872,train,1
3873,train,1
3874,train,1
3875,validation,1
3876,validation,1
3877,train,1
3878,train,1
3879,train,1
3880,train,1
3881,train,1
3882,train,1
3883,train,1
3884,train,1
3885,train,1
3886,train,1
3887,train,1
3888,train,1
3889,train,1
3890,train,1
3891,train,1
3892,train,1
3893,train,1
3894,train,1
3895,test,1
3896,train,1
3897,validation,1
3898,train,1
3899,train,1
3900,train,1
3901,train,1
3902,test,1
3903,test,1
3904,validation,1
3905,train,1
3906,train,1
3907,train,1
3908,train,1
3909,train,1
3910,train,1
3911,train,1
3912,train,1
3913,train,1
3914,test,1
3915,train,1
3916,train,1
3917,train,1
3918,test,1
3919,train,1
3920,validation,1
3921,train,1
3922,train,1
3923,train,1
3924,train,1
3925,train,1
3926,train,1
3927,train,1
3928,train,1
3929,test,1
3930,train,1
3931,train,1
3932,train,1
3933,train,1
3934,validation,1
3935,train,1
3936,train,1
3937,test,1
3938,train,1
3939,train,1
3940,train,1
3941,train,1
3942,train,1
3943,validation,1
3944,train,1
3945,train,1
3946,train,1
3947,train,1
3948,train,1
3949,train,1
3950,test,1
3951,train,1
3952,train,1
3953,train,1
3954,train,1
3955,train,1
3956,train,1
3957,train,1
3958,validation,1
3959,train,1
3960,train,1
3961,train,1
3962,train,1
3963,train,1
3964,train,1
3965,train,1
3966,validation,1
3967,train,1
3968,train,1
3969,train,1
3970,test,1
3971,train,1
3972,train,1
3973,validation,1
3974,train,1
3975,test,1
3976,train,1
3977,train,1
3978,validation,1
3979,train,1
3980,train,1
3981,train,1
3982,test,1
3983,test,1
3984,validation,1
3985,train,1
3986,train,1
3987,train,1
3988,train,1
3989,validation,1
3990,train,1
3991,train,1
3992,train,1
3993,validation,1
3994,test,1
3995,train,1
3996,validation,1
3997,train,1
3998,train,1
3999,train,1
4000,validation,1
4001,train,1
4002,train,1
4003,train,1
4004,train,1
4005,train,1
4006,test,1
4007,train,1
4008,test,1
4009,train,1
4010,test,1
4011,test,1
4012,train,1
4013,train,1
4014,train,1
4015,validation,1
4016,train,1
4017,validation,1
4018,test,1
4019,train,1
4020,train,1
4021,train,1
4022,train,1
4023,test,1
4024,train,1
4025,validation,1
4026,train,1
4027,train,1
4028,train,1
4029,train,1
4030,test,1
4031,train,1
4032,train,1
4033,train,1
4034,train,1
4035,train,1
4036,train,1
4037,train,1
4038,test,1
4039,test,1
4040,train,1
4041,test,1
4042,train,1
4043,validation,1
4044,validation,1
4045,train,1
4046,train,1
4047,train,1
4048,validation,1
4049,train,1
4050,validation,1
4051,train,1
4052,train,1
4053,test,1
4054,train,1
4055,train,1
4056,validation,1
4057,train,1
4058,train,1
4059,train,1
4060,train,1
4061,train,1
4062,validation,1
4063,train,1
4064,train,1
4065,validation,1
4066,validation,1
4067,validation,1
4068,train,1
4069,train,1
4070,train,1
4071,train,1
4072,train,1
4073,train,1
4074,train,1
4075,train,1
4076,train,1
4077,train,1
4078,train,1
4079,validation,1
4080,train,1
4081,train,1
4082,train,1
4083,train,1
4084,train,1
4085,validation,1
4086,train,1
4087,train,1
4088,train,1
4089,test,1
4090,train,1
4091,train,1
4092,validation,1
4093,test,1
4094,validation,1
4095,train,1
4096,train,1
4097,train,1
4098,train,1
4099,train,1
4100,train,1
4101,train,1
4102,train,1
4103,test,1
4104,validation,1
4105,test,1
4106,train,1
4107,train,1
4108,train,1
4109,test,1
4110,train,1
4111,train,1
4112,train,1
4113,train,1
4114,train,1
4115,train,1
4116,test,1
4117,train,1
4118,validation,1
4119,train,1
4120,test,1
4121,test,1
4122,train,1
4123,train,1
4124,test,1
4125,validation,1
4126,train,1
4127,train,1
4128,train,1
4129,train,1
4130,train,1
4131,validation,1
4132,train,1
4133,train,1
4134,train,1
4135,train,1
4136,train,1
4137,train,1
4138,train,1
4139,train,1
4140,train,1
4141,train,1
4142,train,1
4143,train,1
4144,train,1
4145,train,1
4146,train,1
4147,train,1
4148,train,1
4149,train,1
4150,train,1
4151,train,1
4152,train,1
4153,train,1
4154,validation,1
4155,train,1
4156,validation,1
4157,train,1
4158,train,1
4159,train,1
4160,train,1
4161,train,1
4162,train,1
4163,train,1
4164,validation,1
4165,test,1
4166,validation,1
4167,validation,1
4168,test,1
4169,train,1
4170,train,1
4171,train,1
4172,validation,1
4173,train,1
4174,train,1
4175,train,1
4176,test,1
4177,train,1
4178,train,1
4179,train,1
4180,train,1
4181,test,1
4182,train,1
4183,train,1
4184,train,1
4185,train,1
4186,train,1
4187,train,1
4188,validation,1
4189,train,1
4190,train,1
4191,train,1
4192,train,1
4193,train,1
4194,train,1
4195,train,1
4196,train,1
4197,validation,1
4198,train,1
4199,train,1
4200,train,1
4201,test,1
4202,test,1
4203,train,1
4204,train,1
4205,train,1
4206,train,1
4207,train,1
4208,test,1
4209,train,1
4210,test,1
4211,test,1
4212,train,1
4213,train,1
4214,validation,1
4215,test,1
4216,test,1
4217,train,1
4218,train,1
4219,train,1
4220,train,1
4221,train,1
4222,train,1
4223,train,1
4224,test,1
4225,train,1
4226,train,1
4227,validation,1
4228,train,1
4229,train,1
4230,train,1
4231,train,1
4232,test,1
4233,train,1
4234,train,1
4235,test,1
4236,test,1
4237,train,1
4238,test,1
4239,train,1
4240,train,1
4241,train,1
4242,train,1
4243,validation,1
4244,validation,1
4245,train,1
4246,train,1
4247,test,1
4248,train,1
4249,train,1
4250,validation,1
4251,train,1
4252,train,1
4253,train,1
4254,train,1
4255,validation,1
4256,train,1
4257,train,1
4258,validation,1
4259,train,1
4260,test,1
4261,train,1
4262,train,1
4263,train,1
4264,train,1
4265,train,1
4266,train,1
4267,validation,1
4268,train,1
4269,train,1
4270,validation,1
4271,train,1
4272,train,1
4273,train,1
4274,train,1
4275,train,1
4276,train,1
4277,train,1
4278,validation,1
4279,train,1
4280,train,1
4281,train,1
4282,train,1
4283,train,1
4284,train,1
4285,test,1
4286,train,1
4287,test,1
4288,train,1
4289,train,1
4290,train,1
4291,train,1
4292,validation,1
4293,test,1
4294,train,1
4295,validation,1
4296,validation,1
4297,test,1
4298,train,1
4299,train,1
4300,train,1
4301,train,1
4302,train,1
4303,validation,1
4304,train,1
4305,train,1
4306,validation,1
4307,train,1
4308,train,1
4309,validation,1
4310,train,1
4311,train,1
4312,train,1
4313,test,1
4314,train,1
4315,train,1
4316,test,1
4317,train,1
4318,train,1
4319,train,1
4320,train,1
4321,train,1
4322,train,1
4323,train,1
4324,train,1
4325,train,1
4326,test,1
4327,train,1
4328,train,1
4329,train,1
4330,train,1
4331,train,1
4332,train,1
4333,train,1
4334,train,1
4335,test,1
4336,train,1
4337,validation,1
4338,train,1
4339,validation,1
4340,train,1
4341,train,1
4342,train,1
4343,train,1
4344,train,1
4345,train,1
4346,train,1
4347,train,1
4348,train,1
4349,train,1
4350,train,1
4351,test,1
4352,test,1
4353,train,1
4354,train,1
4355,test,1
4356,train,1
4357,train,1
4358,train,1
4359,train,1
4360,train,1
4361,validation,1
4362,validation,1
4363,train,1
4364,train,1
4365,train,1
4366,validation,1
4367,train,1
4368,train,1
4369,train,1
4370,train,1
4371,train,1
4372,train,1
4373,train,1
4374,train,1
4375,train,1
4376,train,1
4377,train,1
4378,test,1
4379,train,1
4380,train,1
4381,validation,1
4382,validation,1
4383,train,1
4384,train,1
4385,test,1
4386,test,1
4387,test,1
4388,train,1
4389,train,1
4390,train,1
4391,validation,1
4392,train,1
4393,test,1
4394,train,1
4395,train,1
4396,train,1
4397,train,1
4398,train,1
4399,train,1
4400,train,1
4401,train,1
4402,train,1
4403,train,1
4404,train,1
4405,train,1
4406,train,1
4407,train,1
4408,train,1
4409,test,1
4410,test,1
4411,test,1
4412,test,1
4413,validation,1
4414,train,1
4415,train,1
4416,train,1
4417,train,1
4418,train,1
4419,train,1
4420,train,1
4421,train,1
4422,train,1
4423,train,1
4424,train,1
4425,train,1
4426,test,1
4427,test,1
4428,train,1
4429,train,1
4430,train,1
4431,train,1
4432,train,1
4433,train,1
4434,train,1
4435,validation,1
4436,train,1
4437,train,1
4438,train,1
4439,train,1
4440,train,1
4441,train,1
4442,train,1
4443,train,1
4444,train,1
4445,test,1
4446,train,1
4447,train,1
4448,train,1
4449,test,1
4450,validation,1
4451,train,1
4452,validation,1
4453,train,1
4454,validation,1
4455,validation,1
4456,train,1
4457,train,1
4458,train,1
4459,validation,1
4460,train,1
4461,train,1
4462,train,1
4463,test,1
4464,validation,1
4465,train,1
4466,train,1
4467,test,1
4468,train,1
4469,train,1
4470,train,1
4471,validation,1
4472,validation,1
4473,validation,1
4474,test,1
4475,train,1
4476,test,1
4477,train,1
4478,train,1
4479,train,1
4480,train,1
4481,validation,1
4482,train,1
4483,train,1
4484,train,1
4485,train,1
4486,validation,1
4487,train,1
4488,validation,1
4489,train,1
4490,validation,1
4491,train,1
4492,train,1
4493,train,1
4494,train,1
4495,train,1
4496,test,1
4497,validation,1
4498,train,1
4499,train,1
4500,test,1
4501,test,1
4502,validation,1
4503,train,1
4504,train,1
4505,train,1
4506,train,1
4507,train,1
4508,train,1
4509,train,1
4510,train,1
4511,train,1
4512,train,1
4513,train,1
4514,train,1
4515,train,1
4516,validation,1
4517,test,1
4518,train,1
4519,validation,1
4520,validation,1
4521,train,1
4522,test,1
4523,test,1
4524,train,1
4525,train,1
4526,test,1
4527,train,1
4528,train,1
4529,train,1
4530,test,1
4531,validation,1
4532,test,1
4533,train,1
4534,train,1
4535,train,1
4536,train,1
4537,train,1
4538,test,1
4539,train,1
4540,train,1
4541,train,1
4542,train,1
4543,test,1
4544,train,1
4545,train,1
4546,train,1
4547,test,1
4548,train,1
4549,validation,1
4550,train,1
4551,train,1
4552,train,1
4553,train,1
4554,train,1
4555,train,1
4556,train,1
4557,train,1
4558,validation,1
4559,train,1
4560,validation,1
4561,train,1
4562,train,1
4563,validation,1
4564,train,1
4565,test,1
4566,train,1
4567,validation,1
4568,validation,1
4569,train,1
4570,validation,1
4571,train,1
4572,train,1
4573,validation,1
4574,train,1
4575,train,1
4576,train,1
4577,train,1
4578,validation,1
4579,train,1
4580,train,1
4581,train,1
4582,train,1
4583,train,1
4584,train,1
4585,test,1
4586,train,1
4587,train,1
4588,train,1
4589,validation,1
4590,validation,1
4591,train,1
4592,train,1
4593,test,1
4594,train,1
4595,train,1
4596,validation,1
4597,train,1
4598,train,1
4599,train,1
4600,validation,1
4601,train,1
4602,train,1
4603,train,1
4604,train,1
4605,train,1
4606,train,1
4607,train,1
4608,train,1
4609,train,1
4610,validation,1
4611,train,1
4612,test,1
4613,train,1
4614,test,1
4615,test,1
4616,train,1
4617,train,1
4618,test,1
4619,train,1
4620,test,1
4621,train,1
4622,test,1
4623,train,1
4624,train,1
4625,train,1
4626,train,1
4627,train,1
4628,train,1
4629,train,1
4630,train,1
4631,train,1
4632,train,1
4633,train,1
4634,train,1
4635,train,1
4636,test,1
4637,validation,1
4638,train,1
4639,train,1
4640,train,1
4641,test,1
4642,train,1
4643,train,1
4644,validation,1
4645,train,1
4646,train,1
4647,test,1
4648,train,1
4649,validation,1
4650,train,1
4651,train,1
4652,train,1
4653,test,1
4654,train,1
4655,train,1
4656,validation,1
4657,train,1
4658,train,1
4659,train,1
4660,train,1
4661,test,1
4662,train,1
4663,train,1
4664,train,1
4665,validation,1
4666,train,1
4667,train,1
4668,train,1
4669,train,1
4670,train,1
4671,test,1
4672,train,1
4673,train,1
4674,train,1
4675,train,1
4676,train,1
4677,train,1
4678,train,1
4679,validation,1
4680,test,1
4681,train,1
4682,train,1
4683,train,1
4684,train,1
4685,train,1
4686,train,1
4687,train,1
4688,validation,1
4689,train,1
4690,train,1
4691,test,1
4692,train,1
4693,train,1
4694,train,1
4695,train,1
4696,train,1
4697,validation,1
4698,train,1
4699,train,1
4700,train,1
4701,validation,1
4702,validation,1
4703,train,1
4704,train,1
4705,test,1
4706,train,1
4707,train,1
4708,train,1
4709,train,1
4710,train,1
4711,test,1
4712,train,1
4713,train,1
4714,train,1
4715,train,1
4716,train,1
4717,train,1
4718,test,1
4719,test,1
4720,train,1
4721,train,1
4722,train,1
4723,train,1
4724,train,1
4725,train,1
4726,train,1
4727,train,1
4728,test,1
4729,train,1
4730,train,1
4731,train,1
4732,train,1
4733,test,1
4734,test,1
4735,validation,1
4736,test,1
4737,validation,1
4738,train,1
4739,train,1
4740,train,1
4741,train,1
4742,train,1
4743,test,1
4744,train,1
4745,validation,1
4746,train,1
4747,train,1
4748,train,1
4749,train,1
4750,train,1
4751,train,1
4752,validation,1
4753,validation,1
4754,validation,1
4755,train,1
4756,train,1
4757,train,1
4758,test,1
4759,train,1
4760,train,1
4761,test,1
4762,validation,1
4763,train,1
4764,test,1
4765,train,1
4766,train,1
4767,train,1
4768,test,1
4769,validation,1
4770,train,1
4771,train,1
4772,train,1
4773,test,1
4774,test,1
4775,validation,1
4776,train,1
4777,validation,1
4778,train,1
4779,train,1
4780,train,1
4781,train,1
4782,train,1
4783,train,1
4784,train,1
4785,train,1
4786,test,1
4787,train,1
4788,train,1
