trial,validation_ST_RAE,best_iteration,learning_rate,num_leaves,min_child_weight,subsample
30,0.7991426892733124,69,0.07921505531874473,25,0.04277500477345989,0.7985177920408508
28,0.8091938828832284,112,0.05538666438825848,9,0.00669657500910589,0.6065637891562468
15,0.817371523438486,98,0.05210211953789143,49,0.007562342302143452,0.7970607703568657
18,0.8219590977811823,436,0.010840135093538313,48,5.796928975245698,0.7315811142585971
29,0.8253449757121574,789,0.005291926406397789,49,0.0019675366456003945,0.7286742339800291
5,0.8257068379952345,147,0.02406772621663812,25,0.002507901951090701,0.7694940509393219
24,0.8288829875129868,137,0.03944385151986731,58,0.023536355973569758,0.5626933292794168
6,0.8303012535184269,31,0.10731973555726015,62,3.473261101865127,0.8351562055363007
23,0.8310619058584447,715,0.006153508045529035,57,0.041756370929403694,0.8632907952141994
7,0.8313394453305819,55,0.13361133237194764,8,1.4052623202218155,0.9720410265852855
19,0.8320783834600967,749,0.008463649163374783,12,0.1332056420175275,0.6074696168918945
20,0.8327868077877078,254,0.025007782580740125,11,0.0030072494056016265,0.7235428169386694
17,0.8330220548326436,34,0.08956497942486188,61,0.0012896935244063226,0.5497725149698335
1,0.8358809305585696,69,0.06120120829830031,19,1.889038238022135,0.915228465692221
25,0.8362616466788356,176,0.01523710519053521,62,0.0012849820049780723,0.8466935280927952
10,0.8375265687175896,140,0.03515137080522029,24,7.75350767086877,0.7735024712657956
11,0.8375898556173877,347,0.009809100836961073,47,0.003959609132562366,0.5658563140318339
27,0.8386014084516844,673,0.013474177170503197,7,2.630912805060251,0.9762539895630431
2,0.8387744471510998,206,0.021713113812888478,31,0.0054664173064505476,0.7632212613044376
14,0.8402156913324027,108,0.025704502255060553,27,1.1512260051168914,0.6559559432869693
21,0.8418585306970728,119,0.0610636391850146,31,0.007071631952752085,0.6561793082171654
8,0.8440516877287186,188,0.029972735919229998,41,0.08600181726168098,0.81895818020908
4,0.8464123946120142,164,0.03175024405039552,34,0.007626628679885896,0.6212497325709252
22,0.8470345917325973,81,0.04809698023603667,57,0.10059549616855669,0.6588466978303638
16,0.8481861176649278,380,0.010684536860867325,12,0.009350633683260225,0.9978821696498527
9,0.8698839209014029,52,0.11432732207211112,58,0.31688976767801863,0.990832183258988
13,0.8719032887425633,54,0.09739075999194222,17,0.7756923722612307,0.9808130523914649
26,0.8729376374317613,34,0.16972286713213372,61,0.007989638158162378,0.550834415560002
12,0.8815309721883808,30,0.19067818789283664,20,0.004411031494580921,0.5252484212875483
3,0.8829552772684975,20,0.16310100655912685,57,0.14042259041138933,0.8322304103237241
